Metric,DNN,XGBoost,Spark GBT
Accuracy,0.8225475974958055,0.701307013789734,0.8984174249523867
Precision,0.30494620234283326,0.2287386639484663,
Recall,0.5629061272440251,0.7991115679723926,
F1-Score,0.39558823529411763,0.3556699346405229,0.8604218524048681
AUC-ROC,0.8190954505038782,0.8195334686218959,0.818597913500009
Training time (s),177.77,67.11,270.16
Inference time (s),0.9266,1.5088,0.0509
